"VD編號","道路","位置","方向","星期","時段","預測當量","塞車機率"
"VU5QC60","內湖路1段","內湖路(北安路-基湖路)-內湖路1段59號加油站前路燈桿(已附掛市警局CCTV)","U",0,"a",1796,"27%"
"VU5QC60","內湖路1段","內湖路(北安路-基湖路)-內湖路1段59號加油站前路燈桿(已附掛市警局CCTV)","U",0,"p",2373,"47%"
"VU5QC60","內湖路1段","內湖路(北安路-基湖路)-內湖路1段59號加油站前路燈桿(已附掛市警局CCTV)","U",1,"a",1701,"25%"
"VU5QC60","內湖路1段","內湖路(北安路-基湖路)-內湖路1段59號加油站前路燈桿(已附掛市警局CCTV)","U",1,"p",2168,"40%"
"VU5QC60","內湖路1段","內湖路(北安路-基湖路)-內湖路1段59號加油站前路燈桿(已附掛市警局CCTV)","U",2,"a",1584,"21%"
"VU5QC60","內湖路1段","內湖路(北安路-基湖路)-內湖路1段59號加油站前路燈桿(已附掛市警局CCTV)","U",2,"p",2334,"46%"
"VU5QC60","內湖路1段","內湖路(北安路-基湖路)-內湖路1段59號加油站前路燈桿(已附掛市警局CCTV)","U",3,"a",1497,"19%"
"VU5QC60","內湖路1段","內湖路(北安路-基湖路)-內湖路1段59號加油站前路燈桿(已附掛市警局CCTV)","U",3,"p",2450,"50%"
"VU5QC60","內湖路1段","內湖路(北安路-基湖路)-內湖路1段59號加油站前路燈桿(已附掛市警局CCTV)","U",4,"a",1635,"22%"
"VU5QC60","內湖路1段","內湖路(北安路-基湖路)-內湖路1段59號加油站前路燈桿(已附掛市警局CCTV)","U",4,"p",2330,"45%"
"VTXQJ20","內湖路1段","內湖路(北安路-基湖路)-文湖街對面(捷運柱號0218)路燈桿(台電變電箱旁)","U",0,"a",2946,"54%"
"VTXQJ20","內湖路1段","內湖路(北安路-基湖路)-文湖街對面(捷運柱號0218)路燈桿(台電變電箱旁)","U",0,"p",3234,"78%"
"VTXQJ20","內湖路1段","內湖路(北安路-基湖路)-文湖街對面(捷運柱號0218)路燈桿(台電變電箱旁)","U",1,"a",2945,"54%"
"VTXQJ20","內湖路1段","內湖路(北安路-基湖路)-文湖街對面(捷運柱號0218)路燈桿(台電變電箱旁)","U",1,"p",3328,"75%"
"VTXQJ20","內湖路1段","內湖路(北安路-基湖路)-文湖街對面(捷運柱號0218)路燈桿(台電變電箱旁)","U",2,"a",2889,"51%"
"VTXQJ20","內湖路1段","內湖路(北安路-基湖路)-文湖街對面(捷運柱號0218)路燈桿(台電變電箱旁)","U",2,"p",3467,"85%"
"VTXQJ20","內湖路1段","內湖路(北安路-基湖路)-文湖街對面(捷運柱號0218)路燈桿(台電變電箱旁)","U",3,"a",2931,"53%"
"VTXQJ20","內湖路1段","內湖路(北安路-基湖路)-文湖街對面(捷運柱號0218)路燈桿(台電變電箱旁)","U",3,"p",3350,"83%"
"VTXQJ20","內湖路1段","內湖路(北安路-基湖路)-文湖街對面(捷運柱號0218)路燈桿(台電變電箱旁)","U",4,"a",2894,"51%"
"VTXQJ20","內湖路1段","內湖路(北安路-基湖路)-文湖街對面(捷運柱號0218)路燈桿(台電變電箱旁)","U",4,"p",3446,"85%"
"VT8SZ60","內湖路1段","內湖路(基湖路-港墘路)-內湖路1段609號路燈桿(已附掛市警局CCTV)","U",0,"a",1220,"38%"
"VT8SZ60","內湖路1段","內湖路(基湖路-港墘路)-內湖路1段609號路燈桿(已附掛市警局CCTV)","U",0,"p",1131,"30%"
"VT8SZ60","內湖路1段","內湖路(基湖路-港墘路)-內湖路1段609號路燈桿(已附掛市警局CCTV)","U",1,"a",1214,"39%"
"VT8SZ60","內湖路1段","內湖路(基湖路-港墘路)-內湖路1段609號路燈桿(已附掛市警局CCTV)","U",1,"p",1229,"42%"
"VT8SZ60","內湖路1段","內湖路(基湖路-港墘路)-內湖路1段609號路燈桿(已附掛市警局CCTV)","U",2,"a",1129,"32%"
"VT8SZ60","內湖路1段","內湖路(基湖路-港墘路)-內湖路1段609號路燈桿(已附掛市警局CCTV)","U",2,"p",1309,"50%"
"VT8SZ60","內湖路1段","內湖路(基湖路-港墘路)-內湖路1段609號路燈桿(已附掛市警局CCTV)","U",3,"a",1189,"37%"
"VT8SZ60","內湖路1段","內湖路(基湖路-港墘路)-內湖路1段609號路燈桿(已附掛市警局CCTV)","U",3,"p",1129,"30%"
"VT8SZ60","內湖路1段","內湖路(基湖路-港墘路)-內湖路1段609號路燈桿(已附掛市警局CCTV)","U",4,"a",1128,"32%"
"VT8SZ60","內湖路1段","內湖路(基湖路-港墘路)-內湖路1段609號路燈桿(已附掛市警局CCTV)","U",4,"p",1317,"51%"
"VTHRR20","內湖路1段","內湖路(基湖路-港墘路)-西湖捷運站2號出口前路燈桿(TC箱旁)","U",0,"a",1115,"3%"
"VTHRR20","內湖路1段","內湖路(基湖路-港墘路)-西湖捷運站2號出口前路燈桿(TC箱旁)","U",0,"p",1570,"45%"
"VTHRR20","內湖路1段","內湖路(基湖路-港墘路)-西湖捷運站2號出口前路燈桿(TC箱旁)","U",1,"a",1143,"9%"
"VTHRR20","內湖路1段","內湖路(基湖路-港墘路)-西湖捷運站2號出口前路燈桿(TC箱旁)","U",1,"p",1558,"44%"
"VTHRR20","內湖路1段","內湖路(基湖路-港墘路)-西湖捷運站2號出口前路燈桿(TC箱旁)","U",2,"a",1181,"9%"
"VTHRR20","內湖路1段","內湖路(基湖路-港墘路)-西湖捷運站2號出口前路燈桿(TC箱旁)","U",2,"p",1633,"58%"
"VTHRR20","內湖路1段","內湖路(基湖路-港墘路)-西湖捷運站2號出口前路燈桿(TC箱旁)","U",3,"a",1116,"3%"
"VTHRR20","內湖路1段","內湖路(基湖路-港墘路)-西湖捷運站2號出口前路燈桿(TC箱旁)","U",3,"p",1573,"46%"
"VTHRR20","內湖路1段","內湖路(基湖路-港墘路)-西湖捷運站2號出口前路燈桿(TC箱旁)","U",4,"a",1143,"10%"
"VTHRR20","內湖路1段","內湖路(基湖路-港墘路)-西湖捷運站2號出口前路燈桿(TC箱旁)","U",4,"p",1602,"51%"
"VSXTK20","內湖路1段","內湖路(港墘路-文德路)-港墘捷運站2號出口前號誌桿","U",0,"a",961,"3%"
"VSXTK20","內湖路1段","內湖路(港墘路-文德路)-港墘捷運站2號出口前號誌桿","U",0,"p",1519,"66%"
"VSXTK20","內湖路1段","內湖路(港墘路-文德路)-港墘捷運站2號出口前號誌桿","U",1,"a",958,"2%"
"VSXTK20","內湖路1段","內湖路(港墘路-文德路)-港墘捷運站2號出口前號誌桿","U",1,"p",1548,"63%"
"VSXTK20","內湖路1段","內湖路(港墘路-文德路)-港墘捷運站2號出口前號誌桿","U",2,"a",984,"3%"
"VSXTK20","內湖路1段","內湖路(港墘路-文德路)-港墘捷運站2號出口前號誌桿","U",2,"p",1626,"76%"
"VSXTK20","內湖路1段","內湖路(港墘路-文德路)-港墘捷運站2號出口前號誌桿","U",3,"a",946,"2%"
"VSXTK20","內湖路1段","內湖路(港墘路-文德路)-港墘捷運站2號出口前號誌桿","U",3,"p",1541,"69%"
"VSXTK20","內湖路1段","內湖路(港墘路-文德路)-港墘捷運站2號出口前號誌桿","U",4,"a",951,"5%"
"VSXTK20","內湖路1段","內湖路(港墘路-文德路)-港墘捷運站2號出口前號誌桿","U",4,"p",1584,"70%"
"V6141E0","堤頂大道1段","堤頂上匝道入口","U",0,"a",1013,"36%"
"V6141E0","堤頂大道1段","堤頂上匝道入口","U",0,"p",1320,"84%"
"V6141E0","堤頂大道1段","堤頂上匝道入口","U",1,"a",945,"24%"
"V6141E0","堤頂大道1段","堤頂上匝道入口","U",1,"p",1325,"78%"
"V6141E0","堤頂大道1段","堤頂上匝道入口","U",2,"a",999,"29%"
"V6141E0","堤頂大道1段","堤頂上匝道入口","U",2,"p",1420,"97%"
"V6141E0","堤頂大道1段","堤頂上匝道入口","U",3,"a",952,"25%"
"V6141E0","堤頂大道1段","堤頂上匝道入口","U",3,"p",1374,"91%"
"V6141E0","堤頂大道1段","堤頂上匝道入口","U",4,"a",936,"25%"
"V6141E0","堤頂大道1段","堤頂上匝道入口","U",4,"p",1433,"87%"
"VSGRX60","堤頂大道2段","堤頂大道二段177號前","E",0,"a",1858,"18%"
"VSGRX60","堤頂大道2段","堤頂大道二段177號前","E",0,"p",2432,"81%"
"VSGRX60","堤頂大道2段","堤頂大道二段177號前","E",1,"a",1822,"15%"
"VSGRX60","堤頂大道2段","堤頂大道二段177號前","E",1,"p",2420,"67%"
"VSGRX60","堤頂大道2段","堤頂大道二段177號前","E",2,"a",1911,"8%"
"VSGRX60","堤頂大道2段","堤頂大道二段177號前","E",2,"p",2539,"96%"
"VSGRX60","堤頂大道2段","堤頂大道二段177號前","E",3,"a",1854,"16%"
"VSGRX60","堤頂大道2段","堤頂大道二段177號前","E",3,"p",2460,"90%"
"VSGRX60","堤頂大道2段","堤頂大道二段177號前","E",4,"a",1799,"17%"
"VSGRX60","堤頂大道2段","堤頂大道二段177號前","E",4,"p",2412,"72%"
"VSGRX60","堤頂大道2段","堤頂大道二段177號前","W",0,"a",2256,"53%"
"VSGRX60","堤頂大道2段","堤頂大道二段177號前","W",0,"p",2931,"99%"
"VSGRX60","堤頂大道2段","堤頂大道二段177號前","W",1,"a",2271,"54%"
"VSGRX60","堤頂大道2段","堤頂大道二段177號前","W",1,"p",2866,"88%"
"VSGRX60","堤頂大道2段","堤頂大道二段177號前","W",2,"a",2316,"65%"
"VSGRX60","堤頂大道2段","堤頂大道二段177號前","W",2,"p",3084,"100%"
"VSGRX60","堤頂大道2段","堤頂大道二段177號前","W",3,"a",2271,"55%"
"VSGRX60","堤頂大道2段","堤頂大道二段177號前","W",3,"p",2997,"100%"
"VSGRX60","堤頂大道2段","堤頂大道二段177號前","W",4,"a",2210,"49%"
"VSGRX60","堤頂大道2段","堤頂大道二段177號前","W",4,"p",3109,"99%"
"VS7SN60","堤頂大道2段","堤頂大道二段251號前","U",0,"a",1475,"1%"
"VS7SN60","堤頂大道2段","堤頂大道二段251號前","U",0,"p",1673,"0%"
"VS7SN60","堤頂大道2段","堤頂大道二段251號前","U",1,"a",1416,"1%"
"VS7SN60","堤頂大道2段","堤頂大道二段251號前","U",1,"p",1641,"5%"
"VS7SN60","堤頂大道2段","堤頂大道二段251號前","U",2,"a",1383,"0%"
"VS7SN60","堤頂大道2段","堤頂大道二段251號前","U",2,"p",1752,"0%"
"VS7SN60","堤頂大道2段","堤頂大道二段251號前","U",3,"a",1417,"1%"
"VS7SN60","堤頂大道2段","堤頂大道二段251號前","U",3,"p",1692,"0%"
"VS7SN60","堤頂大道2段","堤頂大道二段251號前","U",4,"a",1350,"1%"
"VS7SN60","堤頂大道2段","堤頂大道二段251號前","U",4,"p",1778,"1%"
"VSPRA60","堤頂大道2段","堤頂大道二段285號前","W",0,"a",1695,"52%"
"VSPRA60","堤頂大道2段","堤頂大道二段285號前","W",0,"p",1860,"87%"
"VSPRA60","堤頂大道2段","堤頂大道二段285號前","W",1,"a",1663,"48%"
"VSPRA60","堤頂大道2段","堤頂大道二段285號前","W",1,"p",1834,"68%"
"VSPRA60","堤頂大道2段","堤頂大道二段285號前","W",2,"a",1693,"52%"
"VSPRA60","堤頂大道2段","堤頂大道二段285號前","W",2,"p",1939,"97%"
"VSPRA60","堤頂大道2段","堤頂大道二段285號前","W",3,"a",1668,"49%"
"VSPRA60","堤頂大道2段","堤頂大道二段285號前","W",3,"p",1879,"88%"
"VSPRA60","堤頂大道2段","堤頂大道二段285號前","W",4,"a",1621,"44%"
"VSPRA60","堤頂大道2段","堤頂大道二段285號前","W",4,"p",1965,"92%"
"VT5QV00","堤頂大道2段","堤頂大道二段344號對面人行道","N",0,"a",1048,"26%"
"VT5QV00","堤頂大道2段","堤頂大道二段344號對面人行道","N",0,"p",1375,"45%"
"VT5QV00","堤頂大道2段","堤頂大道二段344號對面人行道","N",1,"a",1075,"28%"
"VT5QV00","堤頂大道2段","堤頂大道二段344號對面人行道","N",1,"p",1532,"56%"
"VT5QV00","堤頂大道2段","堤頂大道二段344號對面人行道","N",2,"a",981,"16%"
"VT5QV00","堤頂大道2段","堤頂大道二段344號對面人行道","N",2,"p",1484,"57%"
"VT5QV00","堤頂大道2段","堤頂大道二段344號對面人行道","N",3,"a",986,"17%"
"VT5QV00","堤頂大道2段","堤頂大道二段344號對面人行道","N",3,"p",1502,"55%"
"VT5QV00","堤頂大道2段","堤頂大道二段344號對面人行道","N",4,"a",901,"9%"
"VT5QV00","堤頂大道2段","堤頂大道二段344號對面人行道","N",4,"p",1585,"69%"
"VT5QV00","堤頂大道2段","堤頂大道二段344號對面人行道","S",0,"a",794,"4%"
"VT5QV00","堤頂大道2段","堤頂大道二段344號對面人行道","S",0,"p",791,"2%"
"VT5QV00","堤頂大道2段","堤頂大道二段344號對面人行道","S",1,"a",693,"1%"
"VT5QV00","堤頂大道2段","堤頂大道二段344號對面人行道","S",1,"p",847,"8%"
"VT5QV00","堤頂大道2段","堤頂大道二段344號對面人行道","S",2,"a",685,"0%"
"VT5QV00","堤頂大道2段","堤頂大道二段344號對面人行道","S",2,"p",833,"6%"
"VT5QV00","堤頂大道2段","堤頂大道二段344號對面人行道","S",3,"a",781,"13%"
"VT5QV00","堤頂大道2段","堤頂大道二段344號對面人行道","S",3,"p",803,"5%"
"VT5QV00","堤頂大道2段","堤頂大道二段344號對面人行道","S",4,"a",592,"0%"
"VT5QV00","堤頂大道2段","堤頂大道二段344號對面人行道","S",4,"p",876,"6%"
"VTXQL00","堤頂大道2段","堤頂大道二段489-501號中間空地前","N",0,"a",823,"0%"
"VTXQL00","堤頂大道2段","堤頂大道二段489-501號中間空地前","N",0,"p",1155,"22%"
"VTXQL00","堤頂大道2段","堤頂大道二段489-501號中間空地前","N",1,"a",784,"1%"
"VTXQL00","堤頂大道2段","堤頂大道二段489-501號中間空地前","N",1,"p",1049,"5%"
"VTXQL00","堤頂大道2段","堤頂大道二段489-501號中間空地前","N",2,"a",728,"0%"
"VTXQL00","堤頂大道2段","堤頂大道二段489-501號中間空地前","N",2,"p",1132,"0%"
"VTXQL00","堤頂大道2段","堤頂大道二段489-501號中間空地前","N",3,"a",785,"0%"
"VTXQL00","堤頂大道2段","堤頂大道二段489-501號中間空地前","N",3,"p",1090,"0%"
"VTXQL00","堤頂大道2段","堤頂大道二段489-501號中間空地前","N",4,"a",710,"0%"
"VTXQL00","堤頂大道2段","堤頂大道二段489-501號中間空地前","N",4,"p",1131,"2%"
"VTXQL00","堤頂大道2段","堤頂大道二段489-501號中間空地前","S",0,"a",1154,"21%"
"VTXQL00","堤頂大道2段","堤頂大道二段489-501號中間空地前","S",0,"p",825,"0%"
"VTXQL00","堤頂大道2段","堤頂大道二段489-501號中間空地前","S",1,"a",987,"7%"
"VTXQL00","堤頂大道2段","堤頂大道二段489-501號中間空地前","S",1,"p",851,"0%"
"VTXQL00","堤頂大道2段","堤頂大道二段489-501號中間空地前","S",2,"a",1000,"2%"
"VTXQL00","堤頂大道2段","堤頂大道二段489-501號中間空地前","S",2,"p",855,"0%"
"VTXQL00","堤頂大道2段","堤頂大道二段489-501號中間空地前","S",3,"a",1058,"4%"
"VTXQL00","堤頂大道2段","堤頂大道二段489-501號中間空地前","S",3,"p",823,"0%"
"VTXQL00","堤頂大道2段","堤頂大道二段489-501號中間空地前","S",4,"a",992,"3%"
"VTXQL00","堤頂大道2段","堤頂大道二段489-501號中間空地前","S",4,"p",892,"0%"
"VPMSV40","堤頂大道1段","堤頂大道二段內湖污水處理場停車場出口右側","N",0,"a",3937,"61%"
"VPMSV40","堤頂大道1段","堤頂大道二段內湖污水處理場停車場出口右側","N",0,"p",3480,"38%"
"VPMSV40","堤頂大道1段","堤頂大道二段內湖污水處理場停車場出口右側","N",1,"a",3878,"59%"
"VPMSV40","堤頂大道1段","堤頂大道二段內湖污水處理場停車場出口右側","N",1,"p",3566,"42%"
"VPMSV40","堤頂大道1段","堤頂大道二段內湖污水處理場停車場出口右側","N",2,"a",3928,"65%"
"VPMSV40","堤頂大道1段","堤頂大道二段內湖污水處理場停車場出口右側","N",2,"p",3789,"62%"
"VPMSV40","堤頂大道1段","堤頂大道二段內湖污水處理場停車場出口右側","N",3,"a",3812,"56%"
"VPMSV40","堤頂大道1段","堤頂大道二段內湖污水處理場停車場出口右側","N",3,"p",3738,"55%"
"VPMSV40","堤頂大道1段","堤頂大道二段內湖污水處理場停車場出口右側","N",4,"a",3693,"50%"
"VPMSV40","堤頂大道1段","堤頂大道二段內湖污水處理場停車場出口右側","N",4,"p",3893,"66%"
"VPMSV40","堤頂大道1段","堤頂大道二段內湖污水處理場停車場出口右側","S",0,"a",2285,"10%"
"VPMSV40","堤頂大道1段","堤頂大道二段內湖污水處理場停車場出口右側","S",0,"p",2906,"23%"
"VPMSV40","堤頂大道1段","堤頂大道二段內湖污水處理場停車場出口右側","S",1,"a",2284,"8%"
"VPMSV40","堤頂大道1段","堤頂大道二段內湖污水處理場停車場出口右側","S",1,"p",2890,"25%"
"VPMSV40","堤頂大道1段","堤頂大道二段內湖污水處理場停車場出口右側","S",2,"a",2438,"8%"
"VPMSV40","堤頂大道1段","堤頂大道二段內湖污水處理場停車場出口右側","S",2,"p",3154,"31%"
"VPMSV40","堤頂大道1段","堤頂大道二段內湖污水處理場停車場出口右側","S",3,"a",2374,"10%"
"VPMSV40","堤頂大道1段","堤頂大道二段內湖污水處理場停車場出口右側","S",3,"p",2947,"26%"
"VPMSV40","堤頂大道1段","堤頂大道二段內湖污水處理場停車場出口右側","S",4,"a",2367,"10%"
"VPMSV40","堤頂大道1段","堤頂大道二段內湖污水處理場停車場出口右側","S",4,"p",2998,"30%"
"VRPSV00","堤頂大道1段","堤頂大道二段與舊宗路二段路口槽化島","N",0,"a",3690,"92%"
"VRPSV00","堤頂大道1段","堤頂大道二段與舊宗路二段路口槽化島","N",0,"p",3350,"100%"
"VRPSV00","堤頂大道1段","堤頂大道二段與舊宗路二段路口槽化島","N",1,"a",3681,"93%"
"VRPSV00","堤頂大道1段","堤頂大道二段與舊宗路二段路口槽化島","N",1,"p",3330,"91%"
"VRPSV00","堤頂大道1段","堤頂大道二段與舊宗路二段路口槽化島","N",2,"a",3751,"98%"
"VRPSV00","堤頂大道1段","堤頂大道二段與舊宗路二段路口槽化島","N",2,"p",3524,"100%"
"VRPSV00","堤頂大道1段","堤頂大道二段與舊宗路二段路口槽化島","N",3,"a",3615,"91%"
"VRPSV00","堤頂大道1段","堤頂大道二段與舊宗路二段路口槽化島","N",3,"p",3519,"100%"
"VRPSV00","堤頂大道1段","堤頂大道二段與舊宗路二段路口槽化島","N",4,"a",3526,"87%"
"VRPSV00","堤頂大道1段","堤頂大道二段與舊宗路二段路口槽化島","N",4,"p",3539,"99%"
"VRPSV00","堤頂大道1段","堤頂大道二段與舊宗路二段路口槽化島","S",0,"a",2840,"73%"
"VRPSV00","堤頂大道1段","堤頂大道二段與舊宗路二段路口槽化島","S",0,"p",3768,"100%"
"VRPSV00","堤頂大道1段","堤頂大道二段與舊宗路二段路口槽化島","S",1,"a",2759,"68%"
"VRPSV00","堤頂大道1段","堤頂大道二段與舊宗路二段路口槽化島","S",1,"p",3719,"98%"
"VRPSV00","堤頂大道1段","堤頂大道二段與舊宗路二段路口槽化島","S",2,"a",2843,"80%"
"VRPSV00","堤頂大道1段","堤頂大道二段與舊宗路二段路口槽化島","S",2,"p",3908,"100%"
"VRPSV00","堤頂大道1段","堤頂大道二段與舊宗路二段路口槽化島","S",3,"a",2763,"68%"
"VRPSV00","堤頂大道1段","堤頂大道二段與舊宗路二段路口槽化島","S",3,"p",3786,"100%"
"VRPSV00","堤頂大道1段","堤頂大道二段與舊宗路二段路口槽化島","S",4,"a",2687,"63%"
"VRPSV00","堤頂大道1段","堤頂大道二段與舊宗路二段路口槽化島","S",4,"p",3783,"100%"
"V6120C0","麥帥二橋","市民麥二","U",0,"a",3824,"94%"
"V6120C0","麥帥二橋","市民麥二","U",0,"p",4066,"100%"
"V6120C0","麥帥二橋","市民麥二","U",1,"a",3872,"93%"
"V6120C0","麥帥二橋","市民麥二","U",1,"p",3947,"95%"
"V6120C0","麥帥二橋","市民麥二","U",2,"a",4040,"98%"
"V6120C0","麥帥二橋","市民麥二","U",2,"p",4123,"100%"
"V6120C0","麥帥二橋","市民麥二","U",3,"a",3869,"96%"
"V6120C0","麥帥二橋","市民麥二","U",3,"p",3958,"100%"
"V6120C0","麥帥二橋","市民麥二","U",4,"a",3805,"91%"
"V6120C0","麥帥二橋","市民麥二","U",4,"p",4193,"100%"
"VQ6WK40","成功路2段","成功路2段312巷(單號)對面","N",0,"a",2566,"99%"
"VQ6WK40","成功路2段","成功路2段312巷(單號)對面","N",0,"p",2523,"100%"
"VQ6WK40","成功路2段","成功路2段312巷(單號)對面","N",1,"a",2633,"99%"
"VQ6WK40","成功路2段","成功路2段312巷(單號)對面","N",1,"p",2472,"99%"
"VQ6WK40","成功路2段","成功路2段312巷(單號)對面","N",2,"a",2621,"100%"
"VQ6WK40","成功路2段","成功路2段312巷(單號)對面","N",2,"p",2556,"100%"
"VQ6WK40","成功路2段","成功路2段312巷(單號)對面","N",3,"a",2593,"99%"
"VQ6WK40","成功路2段","成功路2段312巷(單號)對面","N",3,"p",2517,"100%"
"VQ6WK40","成功路2段","成功路2段312巷(單號)對面","N",4,"a",2531,"97%"
"VQ6WK40","成功路2段","成功路2段312巷(單號)對面","N",4,"p",2549,"100%"
"VQ6WK40","成功路2段","成功路2段312巷(單號)對面","S",0,"a",3371,"100%"
"VQ6WK40","成功路2段","成功路2段312巷(單號)對面","S",0,"p",3418,"100%"
"VQ6WK40","成功路2段","成功路2段312巷(單號)對面","S",1,"a",3361,"100%"
"VQ6WK40","成功路2段","成功路2段312巷(單號)對面","S",1,"p",3371,"100%"
"VQ6WK40","成功路2段","成功路2段312巷(單號)對面","S",2,"a",3436,"100%"
"VQ6WK40","成功路2段","成功路2段312巷(單號)對面","S",2,"p",3479,"100%"
"VQ6WK40","成功路2段","成功路2段312巷(單號)對面","S",3,"a",3399,"100%"
"VQ6WK40","成功路2段","成功路2段312巷(單號)對面","S",3,"p",3422,"100%"
"VQ6WK40","成功路2段","成功路2段312巷(單號)對面","S",4,"a",3306,"99%"
"VQ6WK40","成功路2段","成功路2段312巷(單號)對面","S",4,"p",3493,"100%"
"VSSWC60","成功路3段","成功路3段152號前路燈桿","U",0,"a",1820,"68%"
"VSSWC60","成功路3段","成功路3段152號前路燈桿","U",0,"p",1608,"53%"
"VSSWC60","成功路3段","成功路3段152號前路燈桿","U",1,"a",1785,"63%"
"VSSWC60","成功路3段","成功路3段152號前路燈桿","U",1,"p",1647,"60%"
"VSSWC60","成功路3段","成功路3段152號前路燈桿","U",2,"a",1719,"59%"
"VSSWC60","成功路3段","成功路3段152號前路燈桿","U",2,"p",1559,"42%"
"VSSWC60","成功路3段","成功路3段152號前路燈桿","U",3,"a",1809,"66%"
"VSSWC60","成功路3段","成功路3段152號前路燈桿","U",3,"p",1567,"41%"
"VSSWC60","成功路3段","成功路3段152號前路燈桿","U",4,"a",1749,"61%"
"VSSWC60","成功路3段","成功路3段152號前路燈桿","U",4,"p",1645,"62%"
"VQKWL40","成功路2段","成功路二段373號前","N",0,"a",1912,"64%"
"VQKWL40","成功路2段","成功路二段373號前","N",0,"p",2409,"96%"
"VQKWL40","成功路2段","成功路二段373號前","N",1,"a",1934,"65%"
"VQKWL40","成功路2段","成功路二段373號前","N",1,"p",2365,"91%"
"VQKWL40","成功路2段","成功路二段373號前","N",2,"a",1924,"65%"
"VQKWL40","成功路2段","成功路二段373號前","N",2,"p",2488,"98%"
"VQKWL40","成功路2段","成功路二段373號前","N",3,"a",1910,"64%"
"VQKWL40","成功路2段","成功路二段373號前","N",3,"p",2440,"98%"
"VQKWL40","成功路2段","成功路二段373號前","N",4,"a",1921,"64%"
"VQKWL40","成功路2段","成功路二段373號前","N",4,"p",2498,"98%"
"VQKWL40","成功路2段","成功路二段373號前","S",0,"a",2991,"94%"
"VQKWL40","成功路2段","成功路二段373號前","S",0,"p",2279,"98%"
"VQKWL40","成功路2段","成功路二段373號前","S",1,"a",2970,"95%"
"VQKWL40","成功路2段","成功路二段373號前","S",1,"p",2222,"87%"
"VQKWL40","成功路2段","成功路二段373號前","S",2,"a",3004,"97%"
"VQKWL40","成功路2段","成功路二段373號前","S",2,"p",2304,"98%"
"VQKWL40","成功路2段","成功路二段373號前","S",3,"a",3027,"96%"
"VQKWL40","成功路2段","成功路二段373號前","S",3,"p",2247,"96%"
"VQKWL40","成功路2段","成功路二段373號前","S",4,"a",3002,"95%"
"VQKWL40","成功路2段","成功路二段373號前","S",4,"p",2429,"96%"
"VQKWL00","成功路2段","成功路二段380號旁","N",0,"a",2434,"100%"
"VQKWL00","成功路2段","成功路二段380號旁","N",0,"p",2230,"100%"
"VQKWL00","成功路2段","成功路二段380號旁","N",1,"a",2435,"99%"
"VQKWL00","成功路2段","成功路二段380號旁","N",1,"p",2214,"99%"
"VQKWL00","成功路2段","成功路二段380號旁","N",2,"a",2424,"100%"
"VQKWL00","成功路2段","成功路二段380號旁","N",2,"p",2243,"100%"
"VQKWL00","成功路2段","成功路二段380號旁","N",3,"a",2371,"98%"
"VQKWL00","成功路2段","成功路二段380號旁","N",3,"p",2233,"100%"
"VQKWL00","成功路2段","成功路二段380號旁","N",4,"a",2337,"96%"
"VQKWL00","成功路2段","成功路二段380號旁","N",4,"p",2205,"100%"
"VQKWL00","成功路2段","成功路二段380號旁","S",0,"a",2844,"100%"
"VQKWL00","成功路2段","成功路二段380號旁","S",0,"p",2969,"100%"
"VQKWL00","成功路2段","成功路二段380號旁","S",1,"a",2869,"100%"
"VQKWL00","成功路2段","成功路二段380號旁","S",1,"p",2899,"100%"
"VQKWL00","成功路2段","成功路二段380號旁","S",2,"a",2814,"100%"
"VQKWL00","成功路2段","成功路二段380號旁","S",2,"p",3003,"100%"
"VQKWL00","成功路2段","成功路二段380號旁","S",3,"a",2792,"99%"
"VQKWL00","成功路2段","成功路二段380號旁","S",3,"p",2886,"100%"
"VQKWL00","成功路2段","成功路二段380號旁","S",4,"a",2713,"98%"
"VQKWL00","成功路2段","成功路二段380號旁","S",4,"p",2920,"100%"
"VQEUU60","民權東路六段","民權東路六段(中天電視對面)","E",0,"a",2633,"94%"
"VQEUU60","民權東路六段","民權東路六段(中天電視對面)","E",0,"p",3007,"100%"
"VQEUU60","民權東路六段","民權東路六段(中天電視對面)","E",1,"a",2679,"96%"
"VQEUU60","民權東路六段","民權東路六段(中天電視對面)","E",1,"p",3106,"95%"
"VQEUU60","民權東路六段","民權東路六段(中天電視對面)","E",2,"a",2756,"100%"
"VQEUU60","民權東路六段","民權東路六段(中天電視對面)","E",2,"p",3083,"100%"
"VQEUU60","民權東路六段","民權東路六段(中天電視對面)","E",3,"a",2672,"97%"
"VQEUU60","民權東路六段","民權東路六段(中天電視對面)","E",3,"p",3070,"100%"
"VQEUU60","民權東路六段","民權東路六段(中天電視對面)","E",4,"a",2624,"92%"
"VQEUU60","民權東路六段","民權東路六段(中天電視對面)","E",4,"p",3200,"100%"
"VQEUU60","民權東路六段","民權東路六段(中天電視對面)","W",0,"a",2410,"90%"
"VQEUU60","民權東路六段","民權東路六段(中天電視對面)","W",0,"p",2502,"95%"
"VQEUU60","民權東路六段","民權東路六段(中天電視對面)","W",1,"a",2462,"92%"
"VQEUU60","民權東路六段","民權東路六段(中天電視對面)","W",1,"p",2564,"92%"
"VQEUU60","民權東路六段","民權東路六段(中天電視對面)","W",2,"a",2545,"99%"
"VQEUU60","民權東路六段","民權東路六段(中天電視對面)","W",2,"p",2465,"100%"
"VQEUU60","民權東路六段","民權東路六段(中天電視對面)","W",3,"a",2432,"91%"
"VQEUU60","民權東路六段","民權東路六段(中天電視對面)","W",3,"p",2436,"97%"
"VQEUU60","民權東路六段","民權東路六段(中天電視對面)","W",4,"a",2491,"83%"
"VQEUU60","民權東路六段","民權東路六段(中天電視對面)","W",4,"p",2457,"93%"
"VQKWL60","民權東路六段","民權東路六段(防災科學教育館對面)","E",0,"a",181,"0%"
"VQKWL60","民權東路六段","民權東路六段(防災科學教育館對面)","E",0,"p",120,"0%"
"VQKWL60","民權東路六段","民權東路六段(防災科學教育館對面)","E",1,"a",134,"0%"
"VQKWL60","民權東路六段","民權東路六段(防災科學教育館對面)","E",1,"p",149,"0%"
"VQKWL60","民權東路六段","民權東路六段(防災科學教育館對面)","E",2,"a",166,"0%"
"VQKWL60","民權東路六段","民權東路六段(防災科學教育館對面)","E",2,"p",120,"0%"
"VQKWL60","民權東路六段","民權東路六段(防災科學教育館對面)","E",3,"a",139,"0%"
"VQKWL60","民權東路六段","民權東路六段(防災科學教育館對面)","E",3,"p",117,"0%"
"VQKWL60","民權東路六段","民權東路六段(防災科學教育館對面)","E",4,"a",139,"0%"
"VQKWL60","民權東路六段","民權東路六段(防災科學教育館對面)","E",4,"p",132,"0%"
"VQKWL60","民權東路六段","民權東路六段(防災科學教育館對面)","W",0,"a",1006,"3%"
"VQKWL60","民權東路六段","民權東路六段(防災科學教育館對面)","W",0,"p",1816,"75%"
"VQKWL60","民權東路六段","民權東路六段(防災科學教育館對面)","W",1,"a",1095,"9%"
"VQKWL60","民權東路六段","民權東路六段(防災科學教育館對面)","W",1,"p",1742,"64%"
"VQKWL60","民權東路六段","民權東路六段(防災科學教育館對面)","W",2,"a",1093,"1%"
"VQKWL60","民權東路六段","民權東路六段(防災科學教育館對面)","W",2,"p",1825,"68%"
"VQKWL60","民權東路六段","民權東路六段(防災科學教育館對面)","W",3,"a",1143,"24%"
"VQKWL60","民權東路六段","民權東路六段(防災科學教育館對面)","W",3,"p",1830,"67%"
"VQKWL60","民權東路六段","民權東路六段(防災科學教育館對面)","W",4,"a",1129,"14%"
"VQKWL60","民權東路六段","民權東路六段(防災科學教育館對面)","W",4,"p",1862,"64%"
"VQKWL61","民權東路六段","民權東路六段203巷口往西30M","E",0,"a",1174,"5%"
"VQKWL61","民權東路六段","民權東路六段203巷口往西30M","E",0,"p",2251,"89%"
"VQKWL61","民權東路六段","民權東路六段203巷口往西30M","E",1,"a",1222,"8%"
"VQKWL61","民權東路六段","民權東路六段203巷口往西30M","E",1,"p",2337,"94%"
"VQKWL61","民權東路六段","民權東路六段203巷口往西30M","E",2,"a",1245,"6%"
"VQKWL61","民權東路六段","民權東路六段203巷口往西30M","E",2,"p",2290,"91%"
"VQKWL61","民權東路六段","民權東路六段203巷口往西30M","E",3,"a",1232,"9%"
"VQKWL61","民權東路六段","民權東路六段203巷口往西30M","E",3,"p",2179,"84%"
"VQKWL61","民權東路六段","民權東路六段203巷口往西30M","E",4,"a",1154,"3%"
"VQKWL61","民權東路六段","民權東路六段203巷口往西30M","E",4,"p",2150,"82%"
"VQKWL61","民權東路六段","民權東路六段203巷口往西30M","W",0,"a",2405,"78%"
"VQKWL61","民權東路六段","民權東路六段203巷口往西30M","W",0,"p",1004,"0%"
"VQKWL61","民權東路六段","民權東路六段203巷口往西30M","W",1,"a",2329,"77%"
"VQKWL61","民權東路六段","民權東路六段203巷口往西30M","W",1,"p",994,"0%"
"VQKWL61","民權東路六段","民權東路六段203巷口往西30M","W",2,"a",2518,"81%"
"VQKWL61","民權東路六段","民權東路六段203巷口往西30M","W",2,"p",1032,"1%"
"VQKWL61","民權東路六段","民權東路六段203巷口往西30M","W",3,"a",2377,"79%"
"VQKWL61","民權東路六段","民權東路六段203巷口往西30M","W",3,"p",1037,"4%"
"VQKWL61","民權東路六段","民權東路六段203巷口往西30M","W",4,"a",2306,"78%"
"VQKWL61","民權東路六段","民權東路六段203巷口往西30M","W",4,"p",1159,"5%"
"VSKTL00","港墘路","港墘路149號對面人行道上","N",0,"a",1969,"65%"
"VSKTL00","港墘路","港墘路149號對面人行道上","N",0,"p",2198,"89%"
"VSKTL00","港墘路","港墘路149號對面人行道上","N",1,"a",1956,"63%"
"VSKTL00","港墘路","港墘路149號對面人行道上","N",1,"p",2108,"76%"
"VSKTL00","港墘路","港墘路149號對面人行道上","N",2,"a",1908,"57%"
"VSKTL00","港墘路","港墘路149號對面人行道上","N",2,"p",2302,"96%"
"VSKTL00","港墘路","港墘路149號對面人行道上","N",3,"a",1968,"64%"
"VSKTL00","港墘路","港墘路149號對面人行道上","N",3,"p",2221,"98%"
"VSKTL00","港墘路","港墘路149號對面人行道上","N",4,"a",1853,"53%"
"VSKTL00","港墘路","港墘路149號對面人行道上","N",4,"p",2359,"99%"
"VS9TE00","港墘路","港墘路219號前","N",0,"a",587,"8%"
"VS9TE00","港墘路","港墘路219號前","N",0,"p",777,"13%"
"VS9TE00","港墘路","港墘路219號前","N",1,"a",569,"8%"
"VS9TE00","港墘路","港墘路219號前","N",1,"p",841,"34%"
"VS9TE00","港墘路","港墘路219號前","N",2,"a",622,"10%"
"VS9TE00","港墘路","港墘路219號前","N",2,"p",893,"38%"
"VS9TE00","港墘路","港墘路219號前","N",3,"a",589,"7%"
"VS9TE00","港墘路","港墘路219號前","N",3,"p",840,"30%"
"VS9TE00","港墘路","港墘路219號前","N",4,"a",523,"1%"
"VS9TE00","港墘路","港墘路219號前","N",4,"p",956,"51%"
"VS9TE00","港墘路","港墘路219號前","S",0,"a",2760,"100%"
"VS9TE00","港墘路","港墘路219號前","S",0,"p",3080,"100%"
"VS9TE00","港墘路","港墘路219號前","S",1,"a",2665,"100%"
"VS9TE00","港墘路","港墘路219號前","S",1,"p",3058,"100%"
"VS9TE00","港墘路","港墘路219號前","S",2,"a",2749,"100%"
"VS9TE00","港墘路","港墘路219號前","S",2,"p",3213,"100%"
"VS9TE00","港墘路","港墘路219號前","S",3,"a",2726,"100%"
"VS9TE00","港墘路","港墘路219號前","S",3,"p",3135,"100%"
"VS9TE00","港墘路","港墘路219號前","S",4,"a",2571,"100%"
"VS9TE00","港墘路","港墘路219號前","S",4,"p",3225,"100%"
"VS6TI00","瑞光路","瑞光路295號前","N",0,"a",735,"78%"
"VS6TI00","瑞光路","瑞光路295號前","N",0,"p",851,"100%"
"VS6TI00","瑞光路","瑞光路295號前","N",1,"a",714,"81%"
"VS6TI00","瑞光路","瑞光路295號前","N",1,"p",836,"97%"
"VS6TI00","瑞光路","瑞光路295號前","N",2,"a",729,"88%"
"VS6TI00","瑞光路","瑞光路295號前","N",2,"p",900,"100%"
"VS6TI00","瑞光路","瑞光路295號前","N",3,"a",708,"82%"
"VS6TI00","瑞光路","瑞光路295號前","N",3,"p",838,"100%"
"VS6TI00","瑞光路","瑞光路295號前","N",4,"a",823,"66%"
"VS6TI00","瑞光路","瑞光路295號前","N",4,"p",910,"94%"
"VS6TI00","瑞光路","瑞光路295號前","S",0,"a",612,"57%"
"VS6TI00","瑞光路","瑞光路295號前","S",0,"p",1225,"100%"
"VS6TI00","瑞光路","瑞光路295號前","S",1,"a",594,"53%"
"VS6TI00","瑞光路","瑞光路295號前","S",1,"p",1213,"100%"
"VS6TI00","瑞光路","瑞光路295號前","S",2,"a",647,"69%"
"VS6TI00","瑞光路","瑞光路295號前","S",2,"p",1230,"100%"
"VS6TI00","瑞光路","瑞光路295號前","S",3,"a",631,"65%"
"VS6TI00","瑞光路","瑞光路295號前","S",3,"p",1273,"100%"
"VS6TI00","瑞光路","瑞光路295號前","S",4,"a",659,"60%"
"VS6TI00","瑞光路","瑞光路295號前","S",4,"p",1201,"100%"
"VSNRE00","瑞光路","瑞光路390號車道出口對面人行道上","N",0,"a",580,"16%"
"VSNRE00","瑞光路","瑞光路390號車道出口對面人行道上","N",0,"p",880,"88%"
"VSNRE00","瑞光路","瑞光路390號車道出口對面人行道上","N",1,"a",575,"12%"
"VSNRE00","瑞光路","瑞光路390號車道出口對面人行道上","N",1,"p",877,"82%"
"VSNRE00","瑞光路","瑞光路390號車道出口對面人行道上","N",2,"a",605,"21%"
"VSNRE00","瑞光路","瑞光路390號車道出口對面人行道上","N",2,"p",930,"99%"
"VSNRE00","瑞光路","瑞光路390號車道出口對面人行道上","N",3,"a",608,"33%"
"VSNRE00","瑞光路","瑞光路390號車道出口對面人行道上","N",3,"p",889,"90%"
"VSNRE00","瑞光路","瑞光路390號車道出口對面人行道上","N",4,"a",587,"24%"
"VSNRE00","瑞光路","瑞光路390號車道出口對面人行道上","N",4,"p",934,"88%"
"VSNRE00","瑞光路","瑞光路390號車道出口對面人行道上","S",0,"a",465,"0%"
"VSNRE00","瑞光路","瑞光路390號車道出口對面人行道上","S",0,"p",1201,"98%"
"VSNRE00","瑞光路","瑞光路390號車道出口對面人行道上","S",1,"a",481,"3%"
"VSNRE00","瑞光路","瑞光路390號車道出口對面人行道上","S",1,"p",1167,"97%"
"VSNRE00","瑞光路","瑞光路390號車道出口對面人行道上","S",2,"a",472,"0%"
"VSNRE00","瑞光路","瑞光路390號車道出口對面人行道上","S",2,"p",1227,"100%"
"VSNRE00","瑞光路","瑞光路390號車道出口對面人行道上","S",3,"a",477,"0%"
"VSNRE00","瑞光路","瑞光路390號車道出口對面人行道上","S",3,"p",1193,"99%"
"VSNRE00","瑞光路","瑞光路390號車道出口對面人行道上","S",4,"a",454,"1%"
"VSNRE00","瑞光路","瑞光路390號車道出口對面人行道上","S",4,"p",1161,"97%"
"VPBTD70","舊宗路1段","舊宗路一段與舊宗路一段150巷口","U",0,"a",1432,"0%"
"VPBTD70","舊宗路1段","舊宗路一段與舊宗路一段150巷口","U",0,"p",2450,"0%"
"VPBTD70","舊宗路1段","舊宗路一段與舊宗路一段150巷口","U",1,"a",1399,"0%"
"VPBTD70","舊宗路1段","舊宗路一段與舊宗路一段150巷口","U",1,"p",2345,"13%"
"VPBTD70","舊宗路1段","舊宗路一段與舊宗路一段150巷口","U",2,"a",1424,"0%"
"VPBTD70","舊宗路1段","舊宗路一段與舊宗路一段150巷口","U",2,"p",2416,"1%"
"VPBTD70","舊宗路1段","舊宗路一段與舊宗路一段150巷口","U",3,"a",1431,"0%"
"VPBTD70","舊宗路1段","舊宗路一段與舊宗路一段150巷口","U",3,"p",2388,"0%"
"VPBTD70","舊宗路1段","舊宗路一段與舊宗路一段150巷口","U",4,"a",1380,"0%"
"VPBTD70","舊宗路1段","舊宗路一段與舊宗路一段150巷口","U",4,"p",2514,"1%"
"VQRTE00","舊宗路2段","舊宗路二段121巷口左側人行道上","N",0,"a",1390,"16%"
"VQRTE00","舊宗路2段","舊宗路二段121巷口左側人行道上","N",0,"p",2694,"93%"
"VQRTE00","舊宗路2段","舊宗路二段121巷口左側人行道上","N",1,"a",1359,"14%"
"VQRTE00","舊宗路2段","舊宗路二段121巷口左側人行道上","N",1,"p",2601,"89%"
"VQRTE00","舊宗路2段","舊宗路二段121巷口左側人行道上","N",2,"a",1434,"14%"
"VQRTE00","舊宗路2段","舊宗路二段121巷口左側人行道上","N",2,"p",2875,"100%"
"VQRTE00","舊宗路2段","舊宗路二段121巷口左側人行道上","N",3,"a",1494,"26%"
"VQRTE00","舊宗路2段","舊宗路二段121巷口左側人行道上","N",3,"p",2707,"97%"
"VQRTE00","舊宗路2段","舊宗路二段121巷口左側人行道上","N",4,"a",1448,"26%"
"VQRTE00","舊宗路2段","舊宗路二段121巷口左側人行道上","N",4,"p",2495,"86%"
"VQRTE00","舊宗路2段","舊宗路二段121巷口左側人行道上","S",0,"a",848,"0%"
"VQRTE00","舊宗路2段","舊宗路二段121巷口左側人行道上","S",0,"p",903,"0%"
"VQRTE00","舊宗路2段","舊宗路二段121巷口左側人行道上","S",1,"a",883,"0%"
"VQRTE00","舊宗路2段","舊宗路二段121巷口左側人行道上","S",1,"p",953,"0%"
"VQRTE00","舊宗路2段","舊宗路二段121巷口左側人行道上","S",2,"a",871,"0%"
"VQRTE00","舊宗路2段","舊宗路二段121巷口左側人行道上","S",2,"p",901,"0%"
"VQRTE00","舊宗路2段","舊宗路二段121巷口左側人行道上","S",3,"a",882,"0%"
"VQRTE00","舊宗路2段","舊宗路二段121巷口左側人行道上","S",3,"p",869,"0%"
"VQRTE00","舊宗路2段","舊宗路二段121巷口左側人行道上","S",4,"a",834,"0%"
"VQRTE00","舊宗路2段","舊宗路二段121巷口左側人行道上","S",4,"p",1069,"3%"
"V6360G1","麥帥二橋","舊宗麥二","U",0,"a",4423,"94%"
"V6360G1","麥帥二橋","舊宗麥二","U",0,"p",3537,"92%"
"V6360G1","麥帥二橋","舊宗麥二","U",1,"a",4427,"94%"
"V6360G1","麥帥二橋","舊宗麥二","U",1,"p",3447,"79%"
"V6360G1","麥帥二橋","舊宗麥二","U",2,"a",4386,"96%"
"V6360G1","麥帥二橋","舊宗麥二","U",2,"p",3642,"94%"
"V6360G1","麥帥二橋","舊宗麥二","U",3,"a",4374,"94%"
"V6360G1","麥帥二橋","舊宗麥二","U",3,"p",3570,"93%"
"V6360G1","麥帥二橋","舊宗麥二","U",4,"a",4250,"90%"
"V6360G1","麥帥二橋","舊宗麥二","U",4,"p",3476,"91%"
"V6130C0","麥帥二橋","麥二舊宗","U",0,"a",2410,"38%"
"V6130C0","麥帥二橋","麥二舊宗","U",0,"p",2562,"41%"
"V6130C0","麥帥二橋","麥二舊宗","U",1,"a",2416,"38%"
"V6130C0","麥帥二橋","麥二舊宗","U",1,"p",2486,"39%"
"V6130C0","麥帥二橋","麥二舊宗","U",2,"a",2440,"39%"
"V6130C0","麥帥二橋","麥二舊宗","U",2,"p",2613,"42%"
"V6130C0","麥帥二橋","麥二舊宗","U",3,"a",2440,"39%"
"V6130C0","麥帥二橋","麥二舊宗","U",3,"p",2573,"41%"
"V6130C0","麥帥二橋","麥二舊宗","U",4,"a",2384,"38%"
"V6130C0","麥帥二橋","麥二舊宗","U",4,"p",2551,"40%"
